{
	"pattrstorage" : 	{
		"name" : "sfizz_drm",
		"slots" : 		{
			"1" : 			{
				"id" : 1,
				"data" : 				{
					"bpm" : [ 170 ],
					"live.gain~" : [ -6.0 ],
					"live.tab" : [ 0.0 ],
					"monome-sfizz-grid1" : [ 0, 4, 1.0, 0, 7, 1.0, 2, 4, 1.0, 4, 4, 1.0, 4, 6, 1.0, 5, 1, 1.0, 6, 4, 1.0, 8, 4, 1.0, 10, 4, 1.0, 10, 7, 1.0, 11, 4, 1.0, 12, 4, 1.0, 12, 6, 1.0, 13, 4, 1.0, 14, 4, 1.0 ],
					"monome-sfizz-grid2" : [ 0, 4, 1.0, 0, 7, 1.0, 2, 4, 1.0, 4, 4, 1.0, 4, 6, 1.0, 6, 4, 1.0, 8, 4, 1.0, 10, 4, 1.0, 10, 7, 1.0, 11, 4, 1.0, 12, 4, 1.0, 12, 6, 1.0, 14, 4, 1.0, 15, 4, 1.0 ],
					"vel_UI::vel_drm" : [ 127, 119, 112, 104, 94, 84, 74, 64, 86, 86, 86, 86, 54, 56, 57, 59, 69, 80, 90, 100, 109, 118, 127, 127, 127, 127, 127, 127, 127, 127, 127, 127 ],
					"vel_UI::vel_drm[10]" : [ 0, 0, 0, 0, 0, 0, 0, 0, 0, 0, 0, 0, 0, 0, 0, 0, 0, 0, 0, 0, 0, 0, 0, 0, 0, 0, 0, 0, 0, 0, 0, 0 ],
					"vel_UI::vel_drm[11]" : [ 0, 0, 0, 0, 0, 0, 0, 0, 0, 0, 0, 0, 0, 0, 0, 0, 0, 0, 0, 0, 0, 0, 0, 0, 0, 0, 0, 0, 0, 0, 0, 0 ],
					"vel_UI::vel_drm[1]" : [ 127, 127, 127, 127, 127, 127, 104, 104, 104, 104, 127, 127, 127, 127, 68, 64, 64, 64, 127, 127, 127, 127, 127, 127, 127, 127, 127, 127, 127, 127, 127, 127 ],
					"vel_UI::vel_drm[2]" : [ 95, 82, 73, 73, 104, 100, 100, 100, 104, 109, 113, 127, 64, 64, 64, 64, 64, 54, 32, 127, 127, 127, 122, 120, 118, 118, 118, 118, 113, 104, 95, 86 ],
					"vel_UI::vel_drm[3]" : [ 127, 127, 127, 127, 95, 100, 100, 86, 64, 23, 0, 0, 113, 91, 54, 54, 45, 0, 0, 0, 0, 0, 0, 0, 0, 0, 0, 0, 27, 54, 64, 127 ],
					"vel_UI::vel_drm[4]" : [ 127, 127, 127, 127, 127, 104, 104, 104, 104, 77, 82, 91, 100, 95, 95, 95, 91, 82, 127, 127, 127, 127, 127, 127, 127, 127, 127, 127, 127, 127, 127, 127 ],
					"vel_UI::vel_drm[5]" : [ 118, 113, 100, 86, 77, 73, 127, 127, 127, 127, 127, 127, 127, 127, 127, 127, 127, 127, 127, 86, 86, 86, 86, 86, 86, 127, 127, 127, 127, 127, 127, 127 ],
					"vel_UI::vel_drm[6]" : [ 0, 0, 0, 0, 0, 0, 0, 0, 0, 0, 0, 0, 0, 0, 0, 0, 0, 0, 0, 0, 0, 0, 0, 0, 0, 0, 0, 0, 0, 0, 0, 0 ],
					"vel_UI::vel_drm[7]" : [ 0, 0, 0, 0, 0, 0, 0, 0, 0, 0, 0, 0, 0, 0, 0, 0, 0, 0, 0, 0, 0, 0, 0, 0, 0, 0, 0, 0, 0, 0, 0, 0 ],
					"vel_UI::vel_drm[8]" : [ 0, 0, 0, 0, 0, 0, 0, 0, 0, 0, 0, 0, 0, 0, 0, 0, 0, 0, 0, 0, 0, 0, 0, 0, 0, 0, 0, 0, 0, 0, 0, 0 ],
					"vel_UI::vel_drm[9]" : [ 0, 0, 0, 0, 0, 0, 0, 0, 0, 0, 0, 0, 0, 0, 0, 0, 0, 0, 0, 0, 0, 0, 0, 0, 0, 0, 0, 0, 0, 0, 0, 0 ]
				}

			}
,
			"2" : 			{
				"id" : 2,
				"data" : 				{
					"bpm" : [ 170 ],
					"live.gain~" : [ -6.0 ],
					"live.tab" : [ 2.0 ],
					"monome-sfizz-grid1" : [ 0, 4, 1.0, 0, 7, 1.0, 1, 5, 1.0, 2, 4, 1.0, 4, 4, 1.0, 4, 6, 1.0, 6, 4, 1.0, 6, 7, 1.0, 8, 4, 1.0, 8, 5, 1.0, 10, 4, 1.0, 10, 6, 1.0, 12, 4, 1.0, 12, 5, 1.0, 14, 4, 1.0, 14, 5, 1.0, 15, 5, 1.0 ],
					"monome-sfizz-grid2" : [ 0, 4, 1.0, 0, 7, 1.0, 2, 4, 1.0, 4, 4, 1.0, 4, 6, 1.0, 6, 4, 1.0, 6, 7, 1.0, 8, 4, 1.0, 8, 5, 1.0, 10, 4, 1.0, 10, 6, 1.0, 12, 1, 1.0, 12, 4, 1.0, 12, 5, 1.0, 14, 4, 1.0, 14, 5, 1.0, 15, 5, 1.0 ],
					"vel_UI::vel_drm" : [ 127, 119, 112, 104, 94, 84, 74, 64, 86, 86, 86, 86, 54, 56, 57, 59, 69, 80, 90, 100, 109, 118, 127, 127, 127, 127, 127, 127, 127, 127, 127, 127 ],
					"vel_UI::vel_drm[10]" : [ 0, 0, 0, 0, 0, 0, 0, 0, 0, 0, 0, 0, 0, 0, 0, 0, 0, 0, 0, 0, 0, 0, 0, 0, 0, 0, 0, 0, 0, 0, 0, 0 ],
					"vel_UI::vel_drm[11]" : [ 0, 0, 0, 0, 0, 0, 0, 0, 0, 0, 0, 0, 0, 0, 0, 0, 0, 0, 0, 0, 0, 0, 0, 0, 0, 0, 0, 0, 0, 0, 0, 0 ],
					"vel_UI::vel_drm[1]" : [ 127, 127, 127, 127, 127, 127, 104, 104, 104, 104, 127, 127, 127, 127, 68, 64, 64, 64, 127, 127, 127, 127, 127, 127, 127, 127, 127, 127, 127, 127, 127, 127 ],
					"vel_UI::vel_drm[2]" : [ 95, 82, 73, 73, 104, 100, 100, 100, 104, 109, 113, 127, 64, 64, 64, 64, 64, 54, 32, 127, 127, 127, 122, 120, 118, 118, 118, 118, 113, 104, 95, 86 ],
					"vel_UI::vel_drm[3]" : [ 127, 127, 127, 127, 95, 100, 100, 86, 64, 23, 0, 0, 113, 91, 54, 54, 45, 0, 0, 0, 0, 0, 0, 0, 0, 0, 0, 0, 27, 54, 64, 127 ],
					"vel_UI::vel_drm[4]" : [ 127, 127, 127, 127, 127, 104, 104, 104, 104, 77, 82, 91, 100, 95, 95, 95, 91, 82, 127, 127, 127, 127, 127, 127, 127, 127, 127, 127, 127, 127, 127, 127 ],
					"vel_UI::vel_drm[5]" : [ 118, 113, 100, 86, 77, 73, 127, 127, 127, 127, 127, 127, 127, 127, 127, 127, 127, 127, 127, 86, 86, 86, 86, 86, 86, 127, 127, 127, 127, 127, 127, 127 ],
					"vel_UI::vel_drm[6]" : [ 0, 0, 0, 0, 0, 0, 0, 0, 0, 0, 0, 0, 0, 0, 0, 0, 0, 0, 0, 0, 0, 0, 0, 0, 0, 0, 0, 0, 0, 0, 0, 0 ],
					"vel_UI::vel_drm[7]" : [ 0, 0, 0, 0, 0, 0, 0, 0, 0, 0, 0, 0, 0, 0, 0, 0, 0, 0, 0, 0, 0, 0, 0, 0, 0, 0, 0, 0, 0, 0, 0, 0 ],
					"vel_UI::vel_drm[8]" : [ 0, 0, 0, 0, 0, 0, 0, 0, 0, 0, 0, 0, 0, 0, 0, 0, 0, 0, 0, 0, 0, 0, 0, 0, 0, 0, 0, 0, 0, 0, 0, 0 ],
					"vel_UI::vel_drm[9]" : [ 0, 0, 0, 0, 0, 0, 0, 0, 0, 0, 0, 0, 0, 0, 0, 0, 0, 0, 0, 0, 0, 0, 0, 0, 0, 0, 0, 0, 0, 0, 0, 0 ]
				}

			}
,
			"3" : 			{
				"id" : 3,
				"data" : 				{
					"bpm" : [ 170 ],
					"live.gain~" : [ -6.0 ],
					"live.tab" : [ 2.0 ],
					"monome-sfizz-grid1" : [ 0, 4, 1.0, 0, 7, 1.0, 1, 2, 1.0, 2, 4, 1.0, 4, 4, 1.0, 4, 6, 1.0, 6, 4, 1.0, 6, 7, 1.0, 8, 2, 1.0, 8, 4, 1.0, 10, 4, 1.0, 10, 6, 1.0, 12, 2, 1.0, 12, 4, 1.0, 13, 2, 1.0, 14, 2, 1.0, 14, 4, 1.0 ],
					"monome-sfizz-grid2" : [ 0, 4, 1.0, 0, 7, 1.0, 1, 1, 1.0, 1, 2, 1.0, 2, 4, 1.0, 4, 4, 1.0, 4, 6, 1.0, 6, 4, 1.0, 6, 7, 1.0, 8, 2, 1.0, 8, 4, 1.0, 10, 4, 1.0, 10, 6, 1.0, 11, 4, 1.0, 12, 2, 1.0, 12, 4, 1.0, 13, 4, 1.0, 14, 2, 1.0, 14, 4, 1.0, 15, 4, 1.0 ],
					"vel_UI::vel_drm" : [ 127, 119, 112, 104, 94, 84, 74, 64, 86, 86, 86, 86, 54, 56, 57, 59, 69, 80, 90, 100, 109, 118, 127, 127, 127, 127, 127, 127, 127, 127, 127, 127 ],
					"vel_UI::vel_drm[10]" : [ 0, 0, 0, 0, 0, 0, 0, 0, 0, 0, 0, 0, 0, 0, 0, 0, 0, 0, 0, 0, 0, 0, 0, 0, 0, 0, 0, 0, 0, 0, 0, 0 ],
					"vel_UI::vel_drm[11]" : [ 0, 0, 0, 0, 0, 0, 0, 0, 0, 0, 0, 0, 0, 0, 0, 0, 0, 0, 0, 0, 0, 0, 0, 0, 0, 0, 0, 0, 0, 0, 0, 0 ],
					"vel_UI::vel_drm[1]" : [ 127, 127, 127, 127, 127, 127, 104, 104, 104, 104, 127, 127, 127, 127, 68, 64, 64, 64, 127, 127, 127, 127, 127, 127, 127, 127, 127, 127, 127, 127, 127, 127 ],
					"vel_UI::vel_drm[2]" : [ 95, 82, 73, 73, 104, 100, 100, 100, 104, 109, 113, 127, 64, 64, 64, 64, 64, 54, 32, 127, 127, 127, 122, 120, 118, 118, 118, 118, 113, 104, 95, 86 ],
					"vel_UI::vel_drm[3]" : [ 127, 127, 127, 127, 95, 100, 100, 86, 64, 23, 0, 0, 113, 91, 54, 54, 45, 0, 0, 0, 0, 0, 0, 0, 0, 0, 0, 0, 27, 54, 64, 127 ],
					"vel_UI::vel_drm[4]" : [ 127, 127, 127, 127, 127, 104, 104, 104, 104, 77, 82, 91, 100, 95, 95, 95, 91, 82, 127, 127, 127, 127, 127, 127, 127, 127, 127, 127, 127, 127, 127, 127 ],
					"vel_UI::vel_drm[5]" : [ 118, 59, 100, 86, 77, 73, 127, 127, 64, 127, 127, 127, 73, 73, 73, 73, 54, 64, 127, 86, 86, 86, 86, 86, 86, 127, 127, 127, 68, 127, 64, 127 ],
					"vel_UI::vel_drm[6]" : [ 0, 0, 0, 0, 0, 0, 0, 0, 0, 0, 0, 0, 0, 0, 0, 0, 0, 0, 0, 0, 0, 0, 0, 0, 0, 0, 0, 0, 0, 0, 0, 0 ],
					"vel_UI::vel_drm[7]" : [ 0, 0, 0, 0, 0, 0, 0, 0, 0, 0, 0, 0, 0, 0, 0, 0, 0, 0, 0, 0, 0, 0, 0, 0, 0, 0, 0, 0, 0, 0, 0, 0 ],
					"vel_UI::vel_drm[8]" : [ 0, 0, 0, 0, 0, 0, 0, 0, 0, 0, 0, 0, 0, 0, 0, 0, 0, 0, 0, 0, 0, 0, 0, 0, 0, 0, 0, 0, 0, 0, 0, 0 ],
					"vel_UI::vel_drm[9]" : [ 0, 0, 0, 0, 0, 0, 0, 0, 0, 0, 0, 0, 0, 0, 0, 0, 0, 0, 0, 0, 0, 0, 0, 0, 0, 0, 0, 0, 0, 0, 0, 0 ]
				}

			}
,
			"4" : 			{
				"id" : 4,
				"data" : 				{
					"bpm" : [ 170 ],
					"live.gain~" : [ -6.0 ],
					"live.tab" : [ 2.0 ],
					"monome-sfizz-grid1" : [ 0, 5, 1.0, 0, 7, 1.0, 2, 5, 1.0, 4, 2, 1.0, 4, 5, 1.0, 6, 5, 1.0, 8, 4, 1.0, 8, 6, 1.0, 10, 5, 1.0, 10, 7, 1.0, 12, 2, 1.0, 12, 5, 1.0, 14, 5, 1.0 ],
					"monome-sfizz-grid2" : [ 0, 5, 1.0, 0, 7, 1.0, 2, 1, 1.0, 2, 5, 1.0, 2, 7, 1.0, 4, 2, 1.0, 4, 4, 1.0, 6, 5, 1.0, 6, 6, 1.0, 8, 5, 1.0, 8, 7, 1.0, 10, 5, 1.0, 10, 7, 1.0, 11, 4, 1.0, 12, 2, 1.0, 12, 5, 1.0, 12, 6, 1.0, 12, 7, 1.0, 13, 5, 1.0, 13, 6, 1.0, 14, 5, 1.0, 15, 5, 1.0 ],
					"vel_UI::vel_drm" : [ 127, 119, 112, 104, 94, 84, 74, 64, 86, 86, 86, 86, 54, 56, 57, 59, 69, 80, 90, 100, 109, 118, 127, 127, 127, 127, 127, 127, 127, 127, 127, 127 ],
					"vel_UI::vel_drm[10]" : [ 0, 0, 0, 0, 0, 0, 0, 0, 0, 0, 0, 0, 0, 0, 0, 0, 0, 0, 0, 0, 0, 0, 0, 0, 0, 0, 0, 0, 0, 0, 0, 0 ],
					"vel_UI::vel_drm[11]" : [ 0, 0, 0, 0, 0, 0, 0, 0, 0, 0, 0, 0, 0, 0, 0, 0, 0, 0, 0, 0, 0, 0, 0, 0, 0, 0, 0, 0, 0, 0, 0, 0 ],
					"vel_UI::vel_drm[1]" : [ 127, 127, 127, 127, 127, 127, 104, 104, 104, 104, 127, 127, 127, 127, 68, 64, 64, 64, 127, 127, 127, 127, 127, 127, 127, 127, 127, 127, 127, 127, 127, 127 ],
					"vel_UI::vel_drm[2]" : [ 95, 82, 73, 73, 104, 100, 100, 100, 104, 109, 113, 127, 64, 64, 64, 64, 64, 54, 32, 127, 127, 127, 122, 120, 118, 118, 118, 118, 113, 104, 95, 86 ],
					"vel_UI::vel_drm[3]" : [ 127, 127, 127, 127, 95, 100, 100, 86, 64, 23, 0, 0, 113, 91, 54, 54, 45, 0, 0, 0, 0, 0, 0, 0, 0, 0, 0, 0, 27, 54, 64, 127 ],
					"vel_UI::vel_drm[4]" : [ 127, 127, 127, 127, 127, 104, 104, 104, 104, 77, 82, 91, 100, 95, 95, 95, 91, 82, 127, 127, 127, 127, 127, 127, 127, 127, 127, 127, 127, 127, 127, 127 ],
					"vel_UI::vel_drm[5]" : [ 118, 113, 100, 86, 77, 73, 127, 127, 127, 127, 127, 127, 100, 127, 127, 127, 127, 127, 127, 86, 86, 86, 86, 86, 86, 127, 127, 127, 77, 127, 127, 127 ],
					"vel_UI::vel_drm[6]" : [ 0, 0, 0, 0, 0, 0, 0, 0, 0, 0, 0, 0, 0, 0, 0, 0, 0, 0, 0, 0, 0, 0, 0, 0, 0, 0, 0, 0, 0, 0, 0, 0 ],
					"vel_UI::vel_drm[7]" : [ 0, 0, 0, 0, 0, 0, 0, 0, 0, 0, 0, 0, 0, 0, 0, 0, 0, 0, 0, 0, 0, 0, 0, 0, 0, 0, 0, 0, 0, 0, 0, 0 ],
					"vel_UI::vel_drm[8]" : [ 0, 0, 0, 0, 0, 0, 0, 0, 0, 0, 0, 0, 0, 0, 0, 0, 0, 0, 0, 0, 0, 0, 0, 0, 0, 0, 0, 0, 0, 0, 0, 0 ],
					"vel_UI::vel_drm[9]" : [ 0, 0, 0, 0, 0, 0, 0, 0, 0, 0, 0, 0, 0, 0, 0, 0, 0, 0, 0, 0, 0, 0, 0, 0, 0, 0, 0, 0, 0, 0, 0, 0 ]
				}

			}
,
			"5" : 			{
				"id" : 5,
				"data" : 				{
					"bpm" : [ 170 ],
					"live.gain~" : [ -6.0 ],
					"live.tab" : [ 2.0 ],
					"monome-sfizz-grid1" : [ 0, 3, 1.0, 0, 5, 1.0, 0, 7, 1.0, 2, 5, 1.0, 3, 3, 1.0, 4, 5, 1.0, 4, 6, 1.0, 6, 5, 1.0, 6, 7, 1.0, 8, 1, 1.0, 8, 3, 1.0, 8, 5, 1.0, 10, 5, 1.0, 10, 6, 1.0, 12, 3, 1.0, 12, 5, 1.0, 13, 3, 1.0, 14, 3, 1.0, 14, 5, 1.0, 15, 2, 1.0, 15, 4, 1.0 ],
					"monome-sfizz-grid2" : [ 0, 2, 1.0, 0, 5, 1.0, 0, 7, 1.0, 1, 2, 1.0, 2, 5, 1.0, 4, 5, 1.0, 4, 6, 1.0, 6, 5, 1.0, 6, 7, 1.0, 8, 3, 1.0, 8, 5, 1.0, 10, 5, 1.0, 10, 6, 1.0, 11, 5, 1.0, 12, 3, 1.0, 12, 5, 1.0, 13, 5, 1.0, 14, 2, 1.0, 14, 5, 1.0, 15, 5, 1.0 ],
					"vel_UI::vel_drm" : [ 127, 119, 112, 104, 94, 84, 74, 64, 86, 86, 86, 86, 54, 56, 57, 59, 69, 80, 90, 100, 109, 118, 127, 127, 127, 127, 127, 127, 127, 127, 127, 127 ],
					"vel_UI::vel_drm[10]" : [ 0, 0, 0, 0, 0, 0, 0, 0, 0, 0, 0, 0, 0, 0, 0, 0, 0, 0, 0, 0, 0, 0, 0, 0, 0, 0, 0, 0, 0, 0, 0, 0 ],
					"vel_UI::vel_drm[11]" : [ 0, 0, 0, 0, 0, 0, 0, 0, 0, 0, 0, 0, 0, 0, 0, 0, 0, 0, 0, 0, 0, 0, 0, 0, 0, 0, 0, 0, 0, 0, 0, 0 ],
					"vel_UI::vel_drm[1]" : [ 127, 127, 127, 127, 127, 127, 127, 127, 127, 127, 127, 127, 127, 127, 127, 127, 127, 127, 127, 127, 127, 127, 127, 127, 127, 127, 127, 127, 127, 127, 127, 127 ],
					"vel_UI::vel_drm[2]" : [ 95, 82, 73, 73, 104, 100, 100, 100, 104, 109, 113, 127, 64, 64, 64, 64, 64, 54, 59, 127, 127, 127, 122, 120, 118, 118, 118, 118, 113, 104, 95, 86 ],
					"vel_UI::vel_drm[3]" : [ 127, 127, 127, 127, 95, 100, 100, 86, 64, 23, 0, 0, 0, 18, 18, 18, 0, 0, 0, 0, 0, 0, 0, 0, 0, 0, 0, 0, 27, 54, 64, 127 ],
					"vel_UI::vel_drm[4]" : [ 127, 127, 127, 127, 127, 104, 104, 104, 104, 77, 82, 91, 100, 95, 95, 95, 91, 82, 127, 127, 127, 127, 127, 127, 127, 127, 127, 127, 127, 127, 127, 127 ],
					"vel_UI::vel_drm[5]" : [ 118, 113, 100, 86, 77, 73, 127, 127, 127, 127, 127, 127, 127, 127, 127, 64, 64, 54, 127, 86, 86, 86, 86, 86, 86, 127, 127, 127, 127, 127, 127, 127 ],
					"vel_UI::vel_drm[6]" : [ 0, 0, 0, 0, 0, 0, 0, 0, 0, 0, 0, 0, 0, 0, 0, 0, 0, 0, 0, 0, 0, 0, 0, 0, 0, 0, 0, 0, 0, 0, 0, 0 ],
					"vel_UI::vel_drm[7]" : [ 0, 0, 0, 0, 0, 0, 0, 0, 0, 0, 0, 0, 0, 0, 0, 0, 0, 0, 0, 0, 0, 0, 0, 0, 0, 0, 0, 0, 0, 0, 0, 0 ],
					"vel_UI::vel_drm[8]" : [ 0, 0, 0, 0, 0, 0, 0, 0, 0, 0, 0, 0, 0, 0, 0, 0, 0, 0, 0, 0, 0, 0, 0, 0, 0, 0, 0, 0, 0, 0, 0, 0 ],
					"vel_UI::vel_drm[9]" : [ 0, 0, 0, 0, 0, 0, 0, 0, 0, 0, 0, 0, 0, 0, 0, 0, 0, 0, 0, 0, 0, 0, 0, 0, 0, 0, 0, 0, 0, 0, 0, 0 ]
				}

			}
,
			"6" : 			{
				"id" : 6,
				"data" : 				{
					"bpm" : [ 170 ],
					"live.gain~" : [ -6.0 ],
					"live.tab" : [ 2.0 ],
					"monome-sfizz-grid1" : [ 0, 3, 1.0, 0, 5, 1.0, 0, 7, 1.0, 1, 4, 1.0, 1, 5, 1.0, 2, 4, 1.0, 2, 5, 1.0, 3, 3, 1.0, 3, 4, 1.0, 4, 4, 1.0, 4, 5, 1.0, 4, 6, 1.0, 5, 4, 1.0, 6, 4, 1.0, 6, 5, 1.0, 6, 7, 1.0, 7, 4, 1.0, 8, 3, 1.0, 8, 4, 1.0, 8, 5, 1.0, 9, 4, 1.0, 10, 4, 1.0, 10, 5, 1.0, 10, 6, 1.0, 11, 4, 1.0, 12, 3, 1.0, 12, 4, 1.0, 12, 5, 1.0, 13, 3, 1.0, 13, 4, 1.0, 14, 3, 1.0, 14, 4, 1.0, 14, 5, 1.0, 15, 2, 1.0, 15, 4, 1.0, 15, 5, 1.0 ],
					"monome-sfizz-grid2" : [ 0, 2, 1.0, 0, 5, 1.0, 0, 7, 1.0, 1, 2, 1.0, 1, 5, 1.0, 2, 5, 1.0, 3, 5, 1.0, 4, 5, 1.0, 4, 6, 1.0, 5, 5, 1.0, 6, 5, 1.0, 6, 7, 1.0, 7, 5, 1.0, 8, 3, 1.0, 8, 5, 1.0, 9, 5, 1.0, 10, 5, 1.0, 10, 6, 1.0, 11, 5, 1.0, 12, 3, 1.0, 12, 5, 1.0, 13, 5, 1.0, 14, 2, 1.0, 14, 5, 1.0, 15, 1, 1.0, 15, 5, 1.0 ],
					"vel_UI::vel_drm" : [ 127, 119, 112, 104, 94, 84, 74, 64, 86, 86, 86, 86, 54, 56, 57, 59, 69, 80, 90, 100, 109, 118, 127, 127, 127, 127, 127, 127, 127, 127, 127, 127 ],
					"vel_UI::vel_drm[10]" : [ 0, 0, 0, 0, 0, 0, 0, 0, 0, 0, 0, 0, 0, 0, 0, 0, 0, 0, 0, 0, 0, 0, 0, 0, 0, 0, 0, 0, 0, 0, 0, 0 ],
					"vel_UI::vel_drm[11]" : [ 0, 0, 0, 0, 0, 0, 0, 0, 0, 0, 0, 0, 0, 0, 0, 0, 0, 0, 0, 0, 0, 0, 0, 0, 0, 0, 0, 0, 0, 0, 0, 0 ],
					"vel_UI::vel_drm[1]" : [ 127, 127, 127, 127, 127, 127, 127, 127, 127, 127, 127, 127, 127, 127, 127, 127, 127, 127, 127, 127, 127, 127, 127, 127, 127, 127, 127, 127, 127, 127, 127, 127 ],
					"vel_UI::vel_drm[2]" : [ 95, 82, 73, 73, 104, 100, 100, 100, 104, 109, 113, 127, 64, 64, 64, 64, 64, 54, 59, 127, 127, 127, 122, 120, 118, 118, 118, 118, 113, 104, 95, 86 ],
					"vel_UI::vel_drm[3]" : [ 127, 127, 127, 127, 95, 100, 100, 86, 64, 23, 0, 0, 0, 0, 0, 0, 0, 0, 0, 0, 0, 0, 0, 0, 0, 0, 0, 0, 27, 54, 64, 127 ],
					"vel_UI::vel_drm[4]" : [ 127, 127, 127, 127, 127, 127, 127, 127, 127, 127, 127, 127, 127, 127, 127, 127, 127, 127, 127, 127, 127, 127, 127, 127, 127, 127, 127, 127, 127, 127, 127, 127 ],
					"vel_UI::vel_drm[5]" : [ 127, 127, 127, 127, 127, 127, 127, 127, 127, 127, 127, 127, 127, 127, 127, 86, 86, 64, 127, 127, 127, 127, 127, 127, 127, 127, 127, 127, 127, 127, 127, 127 ],
					"vel_UI::vel_drm[6]" : [ 0, 0, 0, 0, 0, 0, 0, 0, 0, 0, 0, 0, 0, 0, 0, 0, 0, 0, 0, 0, 0, 0, 0, 0, 0, 0, 0, 0, 0, 0, 0, 0 ],
					"vel_UI::vel_drm[7]" : [ 0, 0, 0, 0, 0, 0, 0, 0, 0, 0, 0, 0, 0, 0, 0, 0, 0, 0, 0, 0, 0, 0, 0, 0, 0, 0, 0, 0, 0, 0, 0, 0 ],
					"vel_UI::vel_drm[8]" : [ 0, 0, 0, 0, 0, 0, 0, 0, 0, 0, 0, 0, 0, 0, 0, 0, 0, 0, 0, 0, 0, 0, 0, 0, 0, 0, 0, 0, 0, 0, 0, 0 ],
					"vel_UI::vel_drm[9]" : [ 0, 0, 0, 0, 0, 0, 0, 0, 0, 0, 0, 0, 0, 0, 0, 0, 0, 0, 0, 0, 0, 0, 0, 0, 0, 0, 0, 0, 0, 0, 0, 0 ]
				}

			}
,
			"7" : 			{
				"id" : 7,
				"data" : 				{
					"bpm" : [ 170 ],
					"live.gain~" : [ -6.0 ],
					"live.tab" : [ 2.0 ],
					"monome-sfizz-grid1" : [ 0, 3, 1.0, 0, 5, 1.0, 0, 7, 1.0, 1, 4, 1.0, 1, 5, 1.0, 2, 4, 1.0, 2, 5, 1.0, 3, 3, 1.0, 3, 4, 1.0, 4, 4, 1.0, 4, 5, 1.0, 4, 6, 1.0, 5, 4, 1.0, 6, 1, 1.0, 6, 4, 1.0, 6, 5, 1.0, 6, 7, 1.0, 7, 4, 1.0, 8, 3, 1.0, 8, 4, 1.0, 8, 5, 1.0, 9, 4, 1.0, 10, 4, 1.0, 10, 5, 1.0, 10, 6, 1.0, 11, 4, 1.0, 12, 3, 1.0, 12, 4, 1.0, 12, 5, 1.0, 13, 3, 1.0, 13, 4, 1.0, 14, 3, 1.0, 14, 4, 1.0, 14, 5, 1.0, 15, 2, 1.0, 15, 4, 1.0, 15, 5, 1.0 ],
					"monome-sfizz-grid2" : [ 0, 2, 1.0, 0, 5, 1.0, 0, 7, 1.0, 1, 2, 1.0, 1, 5, 1.0, 2, 5, 1.0, 3, 5, 1.0, 4, 5, 1.0, 4, 6, 1.0, 5, 5, 1.0, 6, 5, 1.0, 6, 7, 1.0, 7, 5, 1.0, 8, 3, 1.0, 8, 5, 1.0, 9, 5, 1.0, 10, 5, 1.0, 10, 6, 1.0, 11, 5, 1.0, 12, 3, 1.0, 12, 5, 1.0, 13, 5, 1.0, 14, 2, 1.0, 14, 5, 1.0, 15, 5, 1.0 ],
					"vel_UI::vel_drm" : [ 127, 127, 127, 127, 127, 127, 127, 127, 127, 127, 127, 127, 127, 127, 127, 127, 127, 127, 127, 127, 127, 127, 127, 127, 127, 127, 127, 127, 127, 127, 127, 127 ],
					"vel_UI::vel_drm[10]" : [ 0, 0, 0, 0, 0, 0, 0, 0, 0, 0, 0, 0, 0, 0, 0, 0, 0, 0, 0, 0, 0, 0, 0, 0, 0, 0, 0, 0, 0, 0, 0, 0 ],
					"vel_UI::vel_drm[11]" : [ 0, 0, 0, 0, 0, 0, 0, 0, 0, 0, 0, 0, 0, 0, 0, 0, 0, 0, 0, 0, 0, 0, 0, 0, 0, 0, 0, 0, 0, 0, 0, 0 ],
					"vel_UI::vel_drm[1]" : [ 127, 127, 127, 127, 127, 127, 127, 127, 127, 127, 127, 127, 127, 127, 127, 127, 127, 127, 127, 127, 127, 127, 127, 127, 127, 127, 127, 127, 127, 127, 127, 127 ],
					"vel_UI::vel_drm[2]" : [ 127, 127, 127, 127, 127, 127, 127, 127, 127, 127, 127, 127, 127, 127, 127, 127, 127, 127, 127, 127, 127, 64, 95, 73, 127, 100, 127, 127, 127, 127, 127, 127 ],
					"vel_UI::vel_drm[3]" : [ 127, 127, 127, 127, 127, 127, 127, 127, 127, 127, 127, 127, 127, 127, 127, 127, 127, 127, 127, 127, 127, 127, 127, 127, 127, 127, 127, 127, 127, 127, 127, 127 ],
					"vel_UI::vel_drm[4]" : [ 127, 127, 127, 127, 127, 127, 127, 127, 127, 127, 127, 127, 127, 127, 127, 127, 127, 127, 127, 127, 127, 127, 127, 127, 127, 127, 127, 127, 127, 127, 127, 127 ],
					"vel_UI::vel_drm[5]" : [ 127, 127, 127, 127, 127, 127, 127, 127, 127, 127, 127, 127, 127, 127, 95, 100, 95, 86, 86, 127, 127, 127, 127, 127, 127, 127, 127, 127, 127, 127, 127, 127 ],
					"vel_UI::vel_drm[6]" : [ 0, 0, 0, 0, 0, 0, 0, 0, 0, 0, 0, 0, 0, 0, 0, 0, 0, 0, 0, 0, 0, 0, 0, 0, 0, 0, 0, 0, 0, 0, 0, 0 ],
					"vel_UI::vel_drm[7]" : [ 0, 0, 0, 0, 0, 0, 0, 0, 0, 0, 0, 0, 0, 0, 0, 0, 0, 0, 0, 0, 0, 0, 0, 0, 0, 0, 0, 0, 0, 0, 0, 0 ],
					"vel_UI::vel_drm[8]" : [ 0, 0, 0, 0, 0, 0, 0, 0, 0, 0, 0, 0, 0, 0, 0, 0, 0, 0, 0, 0, 0, 0, 0, 0, 0, 0, 0, 0, 0, 0, 0, 0 ],
					"vel_UI::vel_drm[9]" : [ 0, 0, 0, 0, 0, 0, 0, 0, 0, 0, 0, 0, 0, 0, 0, 0, 0, 0, 0, 0, 0, 0, 0, 0, 0, 0, 0, 0, 0, 0, 0, 0 ]
				}

			}
,
			"8" : 			{
				"id" : 8,
				"data" : 				{
					"bpm" : [ 168 ],
					"live.gain~" : [ -6.0 ],
					"live.tab" : [ 2.0 ],
					"monome-sfizz-grid1" : [ 0, 6, 1.0, 0, 7, 1.0, 2, 3, 1.0, 3, 6, 1.0, 3, 7, 1.0, 4, 7, 1.0, 6, 3, 1.0, 6, 4, 1.0, 6, 5, 1.0, 7, 4, 1.0, 7, 7, 1.0, 8, 4, 1.0, 9, 4, 1.0, 9, 5, 1.0, 9, 7, 1.0, 10, 5, 1.0, 11, 3, 1.0, 13, 5, 1.0, 13, 7, 1.0, 14, 5, 1.0, 15, 2, 1.0, 15, 5, 1.0, 15, 7, 1.0 ],
					"monome-sfizz-grid2" : [ 0, 4, 1.0, 0, 6, 1.0, 0, 7, 1.0, 1, 2, 1.0, 1, 4, 1.0, 2, 2, 1.0, 2, 4, 1.0, 3, 2, 1.0, 3, 4, 1.0, 3, 7, 1.0, 4, 4, 1.0, 4, 5, 1.0, 4, 7, 1.0, 5, 5, 1.0, 6, 7, 1.0, 8, 1, 1.0, 8, 3, 1.0, 8, 6, 1.0, 9, 5, 1.0, 9, 6, 1.0, 9, 7, 1.0, 10, 5, 1.0, 11, 5, 1.0, 11, 7, 1.0, 12, 4, 1.0, 12, 5, 1.0, 13, 3, 1.0, 14, 7, 1.0 ],
					"vel_UI::vel_drm" : [ 36, 27, 9, 23, 27, 45, 45, 45, 50, 59, 100, 113, 100, 77, 73, 73, 68, 23, 54, 68, 73, 73, 68, 54, 41, 32, 27, 27, 27, 32, 41, 59 ],
					"vel_UI::vel_drm[10]" : [ 0, 0, 0, 0, 0, 0, 0, 0, 0, 0, 0, 0, 0, 0, 0, 0, 0, 0, 0, 0, 0, 0, 0, 0, 0, 0, 0, 0, 0, 0, 0, 0 ],
					"vel_UI::vel_drm[11]" : [ 0, 0, 0, 0, 0, 0, 0, 0, 0, 0, 0, 0, 0, 0, 0, 0, 0, 0, 0, 0, 0, 0, 0, 0, 0, 0, 0, 0, 0, 0, 0, 0 ],
					"vel_UI::vel_drm[1]" : [ 127, 127, 127, 127, 104, 68, 104, 104, 104, 104, 127, 127, 127, 127, 68, 64, 64, 64, 127, 127, 127, 127, 127, 127, 127, 127, 127, 127, 127, 127, 127, 127 ],
					"vel_UI::vel_drm[2]" : [ 95, 82, 73, 73, 104, 100, 100, 100, 104, 109, 113, 127, 64, 64, 64, 64, 64, 54, 32, 127, 127, 127, 122, 120, 118, 118, 118, 118, 113, 104, 95, 86 ],
					"vel_UI::vel_drm[3]" : [ 0, 0, 0, 0, 0, 0, 0, 0, 0, 0, 0, 0, 0, 127, 127, 127, 127, 127, 127, 127, 127, 127, 127, 127, 127, 127, 127, 127, 127, 127, 104, 86 ],
					"vel_UI::vel_drm[4]" : [ 127, 127, 50, 32, 127, 104, 104, 104, 104, 77, 82, 91, 100, 95, 95, 95, 91, 82, 127, 127, 113, 118, 82, 82, 127, 86, 73, 68, 64, 64, 127, 127 ],
					"vel_UI::vel_drm[5]" : [ 118, 113, 100, 86, 77, 73, 127, 127, 127, 127, 127, 127, 127, 127, 127, 64, 54, 68, 73, 86, 86, 86, 86, 86, 86, 127, 127, 127, 127, 127, 127, 127 ],
					"vel_UI::vel_drm[6]" : [ 0, 0, 0, 0, 0, 0, 0, 0, 0, 0, 0, 0, 0, 0, 0, 0, 0, 0, 0, 0, 0, 0, 0, 0, 0, 0, 0, 0, 0, 0, 0, 0 ],
					"vel_UI::vel_drm[7]" : [ 0, 0, 0, 0, 0, 0, 0, 0, 0, 0, 0, 0, 0, 0, 0, 0, 0, 0, 0, 0, 0, 0, 0, 0, 0, 0, 0, 0, 0, 0, 0, 0 ],
					"vel_UI::vel_drm[8]" : [ 0, 0, 0, 0, 0, 0, 0, 0, 0, 0, 0, 0, 0, 0, 0, 0, 0, 0, 0, 0, 0, 0, 0, 0, 0, 0, 0, 0, 0, 0, 0, 0 ],
					"vel_UI::vel_drm[9]" : [ 0, 0, 0, 0, 0, 0, 0, 0, 0, 0, 0, 0, 0, 0, 0, 0, 0, 0, 0, 0, 0, 0, 0, 0, 0, 0, 0, 0, 0, 0, 0, 0 ]
				}

			}
,
			"9" : 			{
				"id" : 9,
				"data" : 				{
					"bpm" : [ 170 ],
					"live.gain~" : [ -6.0 ],
					"live.tab" : [ 2.0 ],
					"monome-sfizz-grid1" : [ 0, 2, 1.0, 0, 5, 1.0, 0, 7, 1.0, 1, 2, 1.0, 2, 2, 1.0, 2, 5, 1.0, 3, 2, 1.0, 4, 2, 1.0, 4, 5, 1.0, 4, 6, 1.0, 5, 2, 1.0, 6, 2, 1.0, 6, 5, 1.0, 7, 2, 1.0, 8, 2, 1.0, 8, 5, 1.0, 9, 2, 1.0, 9, 4, 1.0, 10, 2, 1.0, 10, 5, 1.0, 10, 7, 1.0, 11, 5, 1.0, 12, 5, 1.0, 12, 6, 1.0, 13, 5, 1.0, 14, 5, 1.0 ],
					"monome-sfizz-grid2" : [ 0, 2, 1.0, 0, 5, 1.0, 0, 7, 1.0, 1, 2, 1.0, 1, 4, 1.0, 2, 2, 1.0, 2, 5, 1.0, 3, 2, 1.0, 4, 2, 1.0, 4, 5, 1.0, 4, 6, 1.0, 5, 2, 1.0, 6, 2, 1.0, 6, 5, 1.0, 7, 2, 1.0, 8, 2, 1.0, 8, 5, 1.0, 9, 2, 1.0, 9, 4, 1.0, 10, 2, 1.0, 10, 5, 1.0, 10, 7, 1.0, 11, 2, 1.0, 11, 5, 1.0, 12, 2, 1.0, 12, 5, 1.0, 12, 6, 1.0, 13, 1, 1.0, 13, 2, 1.0, 13, 4, 1.0, 14, 2, 1.0, 14, 5, 1.0, 15, 2, 1.0, 15, 5, 1.0 ],
					"vel_UI::vel_drm" : [ 127, 119, 112, 104, 94, 84, 74, 64, 86, 86, 86, 86, 54, 56, 57, 59, 69, 80, 90, 100, 109, 118, 127, 127, 127, 127, 127, 127, 127, 127, 127, 127 ],
					"vel_UI::vel_drm[10]" : [ 0, 0, 0, 0, 0, 0, 0, 0, 0, 0, 0, 0, 0, 0, 0, 0, 0, 0, 0, 0, 0, 0, 0, 0, 0, 0, 0, 0, 0, 0, 0, 0 ],
					"vel_UI::vel_drm[11]" : [ 0, 0, 0, 0, 0, 0, 0, 0, 0, 0, 0, 0, 0, 0, 0, 7, 8, 4, 9, 9, 9, 9, 9, 9, 0, 0, 0, 0, 0, 0, 0, 0 ],
					"vel_UI::vel_drm[1]" : [ 127, 127, 127, 127, 127, 127, 104, 104, 104, 104, 127, 127, 127, 127, 68, 64, 64, 64, 127, 127, 127, 127, 127, 127, 127, 127, 127, 127, 127, 127, 127, 127 ],
					"vel_UI::vel_drm[2]" : [ 95, 82, 73, 73, 104, 100, 100, 100, 104, 109, 113, 127, 64, 64, 64, 64, 64, 54, 32, 127, 127, 127, 122, 120, 118, 118, 118, 118, 113, 104, 95, 86 ],
					"vel_UI::vel_drm[3]" : [ 73, 77, 77, 73, 59, 54, 54, 54, 54, 54, 54, 54, 59, 64, 68, 73, 73, 73, 73, 73, 73, 73, 73, 73, 73, 73, 73, 73, 73, 73, 73, 73 ],
					"vel_UI::vel_drm[4]" : [ 127, 127, 127, 127, 127, 104, 104, 104, 104, 77, 82, 91, 100, 95, 95, 95, 91, 82, 127, 127, 127, 127, 127, 127, 127, 127, 127, 127, 127, 127, 127, 127 ],
					"vel_UI::vel_drm[5]" : [ 23, 41, 45, 54, 41, 36, 27, 5, 0, 0, 0, 5, 41, 50, 54, 36, 36, 36, 0, 0, 18, 50, 50, 59, 54, 54, 54, 54, 50, 50, 45, 27 ],
					"vel_UI::vel_drm[6]" : [ 0, 0, 0, 0, 0, 0, 0, 0, 0, 0, 14, 0, 0, 0, 0, 0, 11, 0, 0, 0, 0, 0, 0, 0, 0, 0, 0, 0, 0, 0, 0, 0 ],
					"vel_UI::vel_drm[7]" : [ 0, 0, 0, 0, 0, 0, 0, 0, 0, 0, 0, 0, 0, 0, 0, 0, 0, 0, 0, 0, 10, 0, 0, 0, 0, 0, 0, 0, 0, 0, 0, 0 ],
					"vel_UI::vel_drm[8]" : [ 0, 0, 0, 0, 0, 0, 0, 0, 0, 0, 0, 0, 0, 0, 0, 0, 0, 0, 0, 0, 0, 0, 0, 0, 0, 0, 0, 0, 0, 0, 0, 0 ],
					"vel_UI::vel_drm[9]" : [ 0, 0, 0, 0, 0, 0, 0, 0, 0, 0, 0, 0, 0, 0, 0, 0, 0, 9, 0, 0, 0, 0, 0, 0, 0, 0, 0, 0, 0, 0, 0, 0 ]
				}

			}
,
			"10" : 			{
				"id" : 10,
				"data" : 				{
					"bpm" : [ 170 ],
					"live.gain~" : [ -6.0 ],
					"live.tab" : [ 2.0 ],
					"monome-sfizz-grid1" : [ 0, 5, 1.0, 0, 7, 1.0, 1, 7, 1.0, 2, 5, 1.0, 2, 7, 1.0, 3, 7, 1.0, 4, 4, 1.0, 6, 6, 1.0, 8, 4, 1.0, 8, 7, 1.0, 9, 5, 1.0, 9, 7, 1.0, 10, 7, 1.0, 11, 5, 1.0, 11, 7, 1.0, 12, 4, 1.0, 12, 7, 1.0, 13, 4, 1.0, 14, 4, 1.0, 14, 6, 1.0, 15, 4, 1.0 ],
					"monome-sfizz-grid2" : [ 0, 1, 1.0, 0, 4, 1.0, 0, 5, 1.0, 0, 7, 1.0, 1, 4, 1.0, 1, 7, 1.0, 2, 5, 1.0, 2, 7, 1.0, 3, 7, 1.0, 4, 7, 1.0, 5, 4, 1.0, 5, 6, 1.0, 6, 4, 1.0, 7, 5, 1.0, 8, 4, 1.0, 8, 7, 1.0, 9, 4, 1.0, 9, 7, 1.0, 10, 5, 1.0, 10, 7, 1.0, 11, 4, 1.0, 11, 7, 1.0, 12, 3, 1.0, 14, 6, 1.0 ],
					"vel_UI::vel_drm" : [ 109, 100, 82, 73, 59, 84, 74, 64, 86, 86, 86, 86, 54, 56, 57, 59, 69, 80, 90, 100, 109, 118, 127, 127, 127, 127, 118, 86, 50, 127, 127, 127 ],
					"vel_UI::vel_drm[10]" : [ 0, 0, 0, 0, 0, 0, 0, 0, 0, 0, 0, 0, 0, 0, 0, 0, 0, 0, 0, 0, 0, 0, 0, 0, 0, 0, 0, 0, 0, 0, 0, 0 ],
					"vel_UI::vel_drm[11]" : [ 0, 0, 0, 0, 0, 0, 0, 0, 0, 0, 0, 0, 0, 0, 0, 0, 0, 0, 0, 0, 0, 0, 0, 0, 0, 0, 0, 0, 0, 0, 0, 0 ],
					"vel_UI::vel_drm[1]" : [ 127, 127, 127, 127, 127, 127, 104, 104, 104, 104, 127, 127, 127, 127, 68, 64, 64, 64, 127, 127, 127, 127, 127, 127, 127, 127, 127, 127, 127, 127, 127, 127 ],
					"vel_UI::vel_drm[2]" : [ 127, 127, 127, 127, 127, 127, 127, 127, 127, 127, 127, 127, 127, 127, 127, 127, 127, 127, 127, 127, 127, 127, 127, 127, 127, 127, 127, 127, 127, 127, 127, 100 ],
					"vel_UI::vel_drm[3]" : [ 127, 127, 127, 127, 95, 100, 100, 86, 73, 73, 73, 73, 86, 122, 127, 127, 127, 127, 86, 91, 104, 109, 109, 109, 109, 109, 104, 82, 27, 54, 64, 127 ],
					"vel_UI::vel_drm[4]" : [ 127, 127, 127, 127, 127, 104, 104, 104, 104, 77, 82, 91, 100, 95, 95, 95, 91, 82, 127, 127, 127, 127, 127, 127, 127, 127, 127, 127, 127, 127, 127, 127 ],
					"vel_UI::vel_drm[5]" : [ 118, 113, 100, 86, 77, 73, 127, 127, 127, 127, 127, 127, 127, 127, 127, 127, 127, 127, 127, 86, 86, 86, 86, 86, 86, 127, 127, 127, 127, 127, 127, 127 ],
					"vel_UI::vel_drm[6]" : [ 0, 0, 0, 0, 0, 0, 0, 0, 0, 0, 14, 0, 0, 0, 0, 0, 11, 0, 0, 0, 0, 0, 0, 0, 0, 0, 0, 0, 0, 0, 0, 0 ],
					"vel_UI::vel_drm[7]" : [ 0, 0, 0, 0, 0, 0, 0, 0, 0, 0, 0, 0, 0, 0, 0, 0, 0, 0, 0, 0, 10, 0, 0, 0, 0, 0, 0, 0, 0, 0, 0, 0 ],
					"vel_UI::vel_drm[8]" : [ 0, 0, 0, 0, 0, 0, 0, 0, 0, 0, 0, 0, 0, 0, 0, 0, 0, 0, 0, 0, 0, 0, 0, 0, 0, 0, 0, 0, 0, 0, 0, 0 ],
					"vel_UI::vel_drm[9]" : [ 0, 0, 0, 0, 0, 0, 0, 0, 0, 0, 0, 0, 0, 0, 0, 0, 0, 9, 0, 0, 0, 0, 0, 0, 0, 0, 0, 0, 0, 0, 0, 0 ]
				}

			}
,
			"11" : 			{
				"id" : 11,
				"data" : 				{
					"bpm" : [ 170 ],
					"live.gain~" : [ -6.0 ],
					"live.tab" : [ 1.0 ],
					"monome-sfizz-grid1" : [ 0, 4, 1.0, 0, 7, 1.0, 2, 4, 1.0, 4, 4, 1.0, 4, 6, 1.0, 5, 5, 1.0, 6, 4, 1.0, 6, 5, 1.0, 7, 5, 1.0, 8, 4, 1.0, 8, 5, 1.0, 9, 5, 1.0, 10, 4, 1.0, 10, 5, 1.0, 10, 7, 1.0, 11, 4, 1.0, 11, 5, 1.0, 12, 4, 1.0, 12, 5, 1.0, 12, 6, 1.0, 13, 4, 1.0, 13, 5, 1.0, 14, 4, 1.0, 14, 5, 1.0, 15, 5, 1.0 ],
					"monome-sfizz-grid2" : [ 0, 4, 1.0, 0, 5, 1.0, 0, 7, 1.0, 1, 5, 1.0, 2, 4, 1.0, 2, 5, 1.0, 4, 4, 1.0, 4, 5, 1.0, 4, 6, 1.0, 5, 5, 1.0, 6, 4, 1.0, 6, 5, 1.0, 7, 5, 1.0, 8, 4, 1.0, 8, 5, 1.0, 9, 5, 1.0, 10, 4, 1.0, 10, 5, 1.0, 10, 7, 1.0, 11, 4, 1.0, 12, 4, 1.0, 12, 6, 1.0, 14, 4, 1.0, 15, 1, 1.0, 15, 4, 1.0 ],
					"vel_UI::vel_drm" : [ 127, 32, 100, 113, 122, 113, 104, 82, 64, 70, 80, 91, 99, 127, 127, 127, 127, 127, 127, 127, 127, 127, 127, 127, 127, 127, 127, 127, 127, 127, 127, 127 ],
					"vel_UI::vel_drm[10]" : [ 1, 1, 1, 1, 1, 1, 1, 1, 1, 1, 1, 1, 1, 1, 1, 1, 1, 1, 1, 1, 1, 1, 1, 1, 1, 1, 1, 1, 1, 1, 1, 1 ],
					"vel_UI::vel_drm[11]" : [ 1, 1, 1, 1, 1, 1, 1, 1, 1, 1, 1, 1, 1, 1, 1, 1, 1, 1, 1, 1, 1, 1, 1, 1, 1, 1, 1, 1, 1, 1, 1, 1 ],
					"vel_UI::vel_drm[1]" : [ 86, 41, 36, 73, 73, 73, 0, 0, 0, 0, 127, 0, 0, 0, 0, 0, 0, 0, 0, 0, 0, 0, 0, 0, 0, 0, 0, 0, 0, 0, 0, 0 ],
					"vel_UI::vel_drm[2]" : [ 0, 0, 0, 77, 59, 45, 41, 0, 0, 86, 86, 86, 82, 64, 45, 5, 127, 127, 127, 127, 100, 91, 91, 91, 91, 91, 91, 91, 0, 0, 0, 0 ],
					"vel_UI::vel_drm[3]" : [ 0, 0, 0, 86, 86, 86, 86, 0, 0, 0, 0, 0, 0, 0, 0, 0, 0, 0, 0, 0, 0, 0, 0, 0, 0, 0, 0, 0, 0, 0, 0, 0 ],
					"vel_UI::vel_drm[4]" : [ 0, 0, 77, 77, 73, 0, 0, 0, 0, 0, 0, 0, 0, 0, 0, 0, 0, 0, 0, 0, 0, 0, 0, 0, 0, 0, 0, 0, 0, 0, 0, 0 ],
					"vel_UI::vel_drm[5]" : [ 0, 0, 0, 73, 64, 54, 0, 0, 0, 0, 0, 0, 0, 0, 0, 0, 0, 0, 0, 0, 0, 0, 0, 0, 0, 0, 0, 0, 0, 0, 0, 0 ],
					"vel_UI::vel_drm[6]" : [ 0, 0, 0, 0, 0, 0, 0, 0, 0, 0, 0, 0, 0, 0, 0, 0, 16, 0, 0, 0, 0, 0, 0, 0, 0, 0, 9, 0, 0, 0, 0, 0 ],
					"vel_UI::vel_drm[7]" : [ 1, 1, 1, 1, 1, 1, 1, 1, 1, 1, 1, 1, 1, 1, 1, 1, 1, 1, 1, 1, 1, 1, 1, 1, 1, 1, 1, 1, 1, 1, 1, 1 ],
					"vel_UI::vel_drm[8]" : [ 1, 1, 1, 1, 1, 1, 1, 1, 1, 1, 1, 15, 1, 1, 1, 1, 14, 1, 1, 9, 1, 1, 1, 1, 9, 1, 1, 1, 1, 1, 1, 1 ],
					"vel_UI::vel_drm[9]" : [ 4, 6, 6, 7, 7, 8, 9, 10, 11, 11, 12, 12, 13, 13, 14, 14, 15, 15, 15, 16, 16, 16, 16, 16, 16, 16, 16, 16, 16, 16, 16, 16 ]
				}

			}
,
			"12" : 			{
				"id" : 12,
				"data" : 				{
					"bpm" : [ 170 ],
					"live.gain~" : [ -6.0 ],
					"live.tab" : [ 2.0 ],
					"monome-sfizz-grid1" : [ 0, 4, 1.0, 0, 7, 1.0, 2, 4, 1.0, 4, 4, 1.0, 4, 6, 1.0, 6, 4, 1.0, 7, 5, 1.0, 8, 4, 1.0, 8, 5, 1.0, 9, 5, 1.0, 10, 4, 1.0, 10, 5, 1.0, 10, 7, 1.0, 11, 4, 1.0, 11, 5, 1.0, 12, 4, 1.0, 12, 5, 1.0, 12, 6, 1.0, 13, 4, 1.0, 13, 5, 1.0, 14, 4, 1.0 ],
					"monome-sfizz-grid2" : [ 0, 1, 1.0, 0, 4, 1.0, 0, 7, 1.0, 2, 4, 1.0, 4, 4, 1.0, 4, 6, 1.0, 6, 4, 1.0, 6, 5, 1.0, 7, 5, 1.0, 8, 4, 1.0, 8, 5, 1.0, 9, 5, 1.0, 10, 4, 1.0, 10, 7, 1.0, 11, 4, 1.0, 12, 4, 1.0, 12, 6, 1.0 ],
					"vel_UI::vel_drm" : [ 127, 119, 112, 104, 94, 84, 74, 64, 86, 86, 86, 86, 54, 56, 57, 59, 69, 80, 90, 100, 109, 118, 127, 127, 127, 127, 127, 127, 127, 127, 127, 127 ],
					"vel_UI::vel_drm[10]" : [ 0, 0, 0, 0, 0, 0, 0, 0, 0, 0, 0, 0, 0, 0, 0, 0, 0, 0, 0, 0, 0, 0, 0, 0, 0, 0, 0, 0, 0, 0, 0, 0 ],
					"vel_UI::vel_drm[11]" : [ 0, 0, 0, 0, 0, 0, 0, 0, 0, 0, 0, 0, 0, 0, 0, 0, 0, 0, 0, 0, 0, 0, 0, 0, 0, 0, 0, 0, 0, 0, 0, 0 ],
					"vel_UI::vel_drm[1]" : [ 127, 127, 127, 127, 127, 127, 104, 104, 104, 104, 127, 127, 127, 127, 68, 64, 64, 64, 127, 127, 127, 127, 127, 127, 127, 127, 127, 127, 127, 127, 127, 127 ],
					"vel_UI::vel_drm[2]" : [ 95, 82, 73, 73, 104, 100, 100, 100, 104, 109, 113, 127, 64, 64, 64, 64, 64, 54, 32, 127, 127, 127, 122, 120, 118, 118, 118, 118, 113, 104, 95, 86 ],
					"vel_UI::vel_drm[3]" : [ 127, 127, 127, 127, 95, 100, 100, 86, 64, 23, 0, 0, 113, 91, 54, 54, 45, 0, 0, 0, 0, 0, 0, 0, 0, 0, 127, 127, 127, 127, 127, 127 ],
					"vel_UI::vel_drm[4]" : [ 127, 127, 127, 127, 127, 104, 104, 104, 104, 77, 82, 91, 100, 95, 95, 95, 91, 82, 127, 127, 127, 127, 127, 127, 127, 127, 127, 127, 127, 127, 127, 127 ],
					"vel_UI::vel_drm[5]" : [ 118, 113, 100, 86, 77, 73, 127, 127, 127, 127, 127, 127, 127, 127, 127, 127, 127, 127, 127, 86, 86, 86, 86, 86, 86, 127, 127, 127, 127, 127, 127, 127 ],
					"vel_UI::vel_drm[6]" : [ 0, 0, 0, 0, 0, 0, 0, 0, 0, 0, 11, 0, 0, 0, 0, 0, 0, 0, 0, 0, 0, 0, 0, 0, 0, 0, 0, 0, 0, 0, 0, 0 ],
					"vel_UI::vel_drm[7]" : [ 0, 0, 0, 0, 10, 0, 0, 0, 0, 0, 0, 0, 13, 0, 0, 0, 0, 0, 0, 0, 12, 0, 0, 0, 0, 0, 0, 0, 0, 0, 0, 0 ],
					"vel_UI::vel_drm[8]" : [ 0, 0, 0, 0, 0, 0, 0, 13, 0, 0, 0, 0, 0, 0, 0, 0, 0, 0, 0, 0, 0, 0, 0, 0, 11, 11, 11, 13, 0, 0, 0, 0 ],
					"vel_UI::vel_drm[9]" : [ 0, 0, 0, 0, 11, 0, 0, 0, 13, 0, 0, 0, 0, 0, 11, 0, 0, 0, 0, 0, 17, 0, 0, 0, 0, 0, 0, 0, 11, 0, 0, 0 ]
				}

			}
,
			"13" : 			{
				"id" : 13,
				"data" : 				{
					"bpm" : [ 170 ],
					"live.gain~" : [ -6.0 ],
					"live.tab" : [ 0.0 ],
					"monome-sfizz-grid1" : [ 0, 4, 1.0, 0, 7, 1.0, 2, 4, 1.0, 4, 4, 1.0, 4, 6, 1.0, 6, 4, 1.0, 8, 4, 1.0, 10, 4, 1.0, 10, 7, 1.0, 11, 4, 1.0, 12, 4, 1.0, 12, 6, 1.0, 13, 4, 1.0, 14, 4, 1.0, 15, 1, 1.0 ],
					"monome-sfizz-grid2" : [ 0, 4, 1.0, 0, 7, 1.0, 2, 4, 1.0, 4, 4, 1.0, 4, 6, 1.0, 6, 4, 1.0, 8, 4, 1.0, 10, 4, 1.0, 10, 7, 1.0, 11, 4, 1.0, 12, 4, 1.0, 12, 6, 1.0, 14, 4, 1.0, 15, 4, 1.0 ],
					"vel_UI::vel_drm" : [ 127, 32, 100, 113, 122, 113, 104, 82, 64, 70, 80, 91, 99, 107, 114, 122, 123, 125, 126, 127, 127, 127, 127, 127, 127, 127, 127, 127, 127, 127, 127, 127 ],
					"vel_UI::vel_drm[10]" : [ 1, 1, 1, 1, 1, 1, 1, 1, 1, 1, 1, 1, 1, 1, 1, 1, 1, 1, 1, 1, 1, 1, 1, 1, 1, 1, 1, 1, 1, 1, 1, 1 ],
					"vel_UI::vel_drm[11]" : [ 1, 1, 1, 1, 1, 1, 1, 1, 1, 1, 1, 1, 1, 1, 1, 1, 1, 1, 1, 1, 1, 1, 1, 1, 1, 1, 1, 1, 1, 1, 1, 1 ],
					"vel_UI::vel_drm[1]" : [ 86, 41, 36, 73, 73, 73, 0, 0, 0, 0, 127, 0, 0, 0, 0, 0, 0, 0, 0, 0, 0, 0, 0, 0, 0, 0, 0, 0, 0, 0, 0, 0 ],
					"vel_UI::vel_drm[2]" : [ 0, 0, 0, 77, 59, 45, 41, 0, 127, 127, 127, 0, 0, 0, 0, 0, 0, 0, 0, 0, 0, 0, 0, 0, 0, 0, 0, 0, 0, 0, 0, 0 ],
					"vel_UI::vel_drm[3]" : [ 127, 127, 127, 127, 127, 127, 122, 113, 113, 113, 109, 95, 95, 95, 95, 127, 127, 127, 127, 127, 127, 127, 127, 127, 127, 127, 127, 127, 127, 127, 127, 113 ],
					"vel_UI::vel_drm[4]" : [ 0, 0, 77, 77, 73, 0, 0, 0, 0, 0, 0, 0, 0, 0, 0, 0, 0, 0, 0, 0, 0, 0, 0, 0, 0, 0, 0, 0, 0, 0, 0, 0 ],
					"vel_UI::vel_drm[5]" : [ 0, 0, 0, 73, 64, 54, 0, 0, 0, 0, 0, 0, 0, 0, 0, 0, 0, 0, 0, 0, 0, 0, 0, 0, 0, 0, 0, 0, 0, 0, 0, 0 ],
					"vel_UI::vel_drm[6]" : [ 1, 1, 1, 1, 1, 1, 1, 1, 1, 1, 1, 1, 1, 1, 1, 1, 1, 1, 1, 1, 1, 1, 1, 1, 1, 1, 1, 1, 1, 1, 1, 1 ],
					"vel_UI::vel_drm[7]" : [ 1, 1, 1, 1, 1, 1, 1, 1, 1, 1, 1, 1, 1, 1, 1, 1, 1, 1, 1, 1, 1, 1, 1, 1, 1, 1, 1, 1, 1, 1, 1, 1 ],
					"vel_UI::vel_drm[8]" : [ 1, 1, 1, 1, 1, 1, 1, 1, 1, 1, 1, 1, 1, 1, 1, 1, 1, 1, 1, 1, 1, 1, 1, 1, 1, 1, 1, 1, 1, 1, 1, 1 ],
					"vel_UI::vel_drm[9]" : [ 8, 5, 11, 12, 11, 10, 8, 6, 4, 2, 1, 1, 13, 20, 20, 14, 12, 9, 4, 0, 0, 0, 0, 0, 0, 11, 14, 15, 14, 13, 9, 7 ]
				}

			}
,
			"14" : 			{
				"id" : 14,
				"data" : 				{
					"bpm" : [ 170 ],
					"live.gain~" : [ -6.0 ],
					"live.tab" : [ 2.0 ],
					"monome-sfizz-grid1" : [ 0, 4, 1.0, 0, 7, 1.0, 2, 1, 1.0, 2, 4, 1.0, 4, 4, 1.0, 4, 6, 1.0, 6, 4, 1.0, 8, 4, 1.0, 10, 4, 1.0, 10, 7, 1.0, 11, 4, 1.0, 12, 4, 1.0, 12, 6, 1.0, 13, 4, 1.0, 14, 4, 1.0 ],
					"monome-sfizz-grid2" : [ 0, 4, 1.0, 0, 7, 1.0, 2, 4, 1.0, 4, 4, 1.0, 4, 6, 1.0, 6, 4, 1.0, 8, 4, 1.0, 10, 4, 1.0, 10, 7, 1.0, 11, 4, 1.0, 12, 4, 1.0, 12, 6, 1.0, 14, 4, 1.0, 15, 4, 1.0 ],
					"vel_UI::vel_drm" : [ 127, 119, 112, 104, 94, 84, 74, 64, 86, 86, 86, 86, 54, 56, 57, 59, 69, 80, 90, 100, 109, 118, 127, 127, 127, 127, 127, 127, 127, 127, 127, 127 ],
					"vel_UI::vel_drm[10]" : [ 9, 9, 9, 9, 7, 7, 7, 7, 6, 3, 0, 3, 4, 4, 4, 4, 4, 4, 0, 4, 4, 20, 1, 1, 1, 0, 0, 0, 0, 0, 0, 0 ],
					"vel_UI::vel_drm[11]" : [ 0, 0, 0, 0, 0, 0, 0, 0, 0, 0, 0, 0, 10, 10, 10, 10, 10, 10, 0, 0, 0, 0, 8, 8, 0, 0, 0, 0, 0, 0, 0, 0 ],
					"vel_UI::vel_drm[1]" : [ 127, 127, 127, 127, 127, 127, 104, 104, 104, 104, 127, 127, 127, 127, 68, 64, 64, 64, 127, 127, 127, 127, 127, 127, 127, 127, 127, 127, 127, 127, 127, 127 ],
					"vel_UI::vel_drm[2]" : [ 95, 82, 73, 73, 104, 100, 100, 100, 104, 109, 113, 127, 64, 64, 64, 64, 64, 54, 32, 127, 127, 127, 122, 120, 118, 118, 118, 118, 113, 104, 95, 86 ],
					"vel_UI::vel_drm[3]" : [ 127, 127, 127, 127, 95, 100, 100, 86, 64, 23, 0, 0, 113, 91, 54, 54, 45, 0, 0, 0, 0, 0, 0, 0, 0, 0, 0, 0, 27, 54, 64, 127 ],
					"vel_UI::vel_drm[4]" : [ 127, 127, 127, 127, 127, 104, 104, 104, 104, 77, 82, 91, 100, 95, 95, 95, 91, 82, 127, 127, 127, 127, 127, 127, 127, 127, 127, 127, 127, 127, 127, 127 ],
					"vel_UI::vel_drm[5]" : [ 118, 113, 100, 86, 77, 73, 127, 127, 127, 127, 127, 127, 127, 127, 127, 127, 127, 127, 127, 86, 86, 86, 86, 86, 86, 127, 127, 127, 127, 127, 127, 127 ],
					"vel_UI::vel_drm[6]" : [ 16, 12, 11, 11, 0, 3, 6, 8, 11, 13, 15, 16, 18, 20, 20, 20, 0, 0, 14, 5, 5, 0, 0, 6, 9, 11, 12, 12, 12, 0, 0, 0 ],
					"vel_UI::vel_drm[7]" : [ 9, 9, 8, 8, 7, 6, 4, 11, 12, 0, 0, 0, 0, 1, 10, 0, 20, 3, 0, 15, 15, 14, 13, 9, 8, 3, 0, 0, 0, 0, 0, 0 ],
					"vel_UI::vel_drm[8]" : [ 0, 4, 19, 16, 9, 6, 6, 6, 6, 6, 0, 0, 0, 0, 15, 13, 0, 0, 0, 0, 3, 6, 11, 13, 13, 13, 13, 13, 13, 0, 0, 0 ],
					"vel_UI::vel_drm[9]" : [ 8, 8, 8, 8, 8, 0, 0, 0, 0, 0, 0, 0, 0, 0, 0, 0, 0, 0, 8, 8, 8, 8, 8, 8, 8, 8, 9, 10, 10, 11, 11, 13 ]
				}

			}
,
			"15" : 			{
				"id" : 15,
				"data" : 				{
					"bpm" : [ 130 ],
					"live.gain~" : [ -6.0 ],
					"live.tab" : [ 2.0 ],
					"monome-sfizz-grid1" : [ 0, 7, 1.0, 2, 4, 1.0, 4, 7, 1.0, 5, 5, 1.0, 5, 6, 1.0, 6, 4, 1.0, 8, 7, 1.0, 10, 3, 1.0, 10, 4, 1.0, 11, 5, 1.0, 12, 3, 1.0, 12, 5, 1.0, 12, 7, 1.0, 13, 3, 1.0, 14, 4, 1.0, 14, 5, 1.0, 14, 6, 1.0, 15, 3, 1.0 ],
					"monome-sfizz-grid2" : [ 0, 7, 1.0, 2, 4, 1.0, 4, 5, 1.0, 4, 7, 1.0, 6, 1, 1.0, 6, 4, 1.0, 6, 5, 1.0, 7, 5, 1.0, 8, 7, 1.0, 9, 6, 1.0, 10, 4, 1.0, 12, 7, 1.0, 14, 4, 1.0 ],
					"vel_UI::vel_drm" : [ 99, 99, 99, 99, 99, 99, 99, 99, 99, 99, 99, 99, 99, 99, 99, 99, 99, 99, 99, 99, 99, 99, 99, 99, 99, 99, 99, 99, 99, 99, 99, 99 ],
					"vel_UI::vel_drm[10]" : [ 0, 0, 0, 0, 0, 0, 0, 0, 0, 0, 0, 0, 0, 0, 0, 0, 0, 0, 0, 0, 0, 0, 0, 0, 0, 0, 0, 0, 0, 0, 0, 0 ],
					"vel_UI::vel_drm[11]" : [ 0, 0, 0, 0, 0, 0, 0, 0, 0, 0, 0, 0, 0, 0, 0, 0, 0, 0, 0, 0, 0, 0, 0, 0, 0, 0, 0, 0, 0, 0, 0, 0 ],
					"vel_UI::vel_drm[1]" : [ 99, 99, 99, 99, 99, 99, 99, 99, 99, 99, 99, 99, 99, 99, 99, 99, 99, 99, 99, 99, 99, 99, 99, 99, 99, 99, 99, 99, 99, 99, 99, 99 ],
					"vel_UI::vel_drm[2]" : [ 99, 99, 99, 99, 99, 99, 99, 99, 99, 99, 99, 99, 99, 99, 99, 99, 99, 99, 99, 99, 99, 99, 99, 99, 99, 99, 99, 99, 99, 99, 99, 99 ],
					"vel_UI::vel_drm[3]" : [ 99, 99, 99, 99, 99, 99, 99, 99, 99, 99, 99, 99, 99, 99, 99, 99, 99, 99, 99, 99, 99, 99, 99, 99, 99, 99, 99, 99, 99, 99, 99, 99 ],
					"vel_UI::vel_drm[4]" : [ 99, 99, 99, 99, 99, 99, 99, 99, 99, 99, 99, 99, 99, 99, 99, 99, 99, 99, 99, 99, 99, 99, 99, 99, 99, 99, 99, 99, 99, 99, 99, 99 ],
					"vel_UI::vel_drm[5]" : [ 99, 99, 99, 99, 99, 99, 99, 99, 99, 99, 99, 99, 99, 99, 99, 99, 99, 99, 99, 99, 99, 99, 99, 99, 99, 99, 99, 99, 99, 99, 99, 99 ],
					"vel_UI::vel_drm[6]" : [ 0, 0, 0, 0, 0, 0, 0, 0, 0, 0, 0, 0, 0, 0, 0, 0, 0, 0, 0, 0, 0, 0, 0, 0, 0, 0, 0, 0, 0, 0, 0, 0 ],
					"vel_UI::vel_drm[7]" : [ 0, 0, 0, 0, 0, 0, 0, 0, 0, 0, 0, 0, 0, 0, 0, 0, 0, 0, 0, 0, 0, 0, 0, 0, 0, 0, 0, 0, 0, 0, 0, 0 ],
					"vel_UI::vel_drm[8]" : [ 0, 0, 0, 0, 0, 0, 0, 0, 0, 0, 0, 0, 0, 0, 0, 0, 0, 0, 0, 0, 0, 0, 0, 0, 0, 0, 0, 0, 0, 0, 0, 0 ],
					"vel_UI::vel_drm[9]" : [ 0, 0, 0, 0, 0, 0, 0, 0, 0, 0, 0, 0, 0, 0, 0, 0, 0, 0, 0, 0, 0, 0, 0, 0, 0, 0, 0, 0, 0, 0, 0, 0 ]
				}

			}
,
			"16" : 			{
				"id" : 16,
				"data" : 				{
					"bpm" : [ 130 ],
					"live.gain~" : [ -6.0 ],
					"live.tab" : [ 2.0 ],
					"monome-sfizz-grid1" : [ 0, 7, 1.0, 2, 4, 1.0, 4, 7, 1.0, 5, 5, 1.0, 5, 6, 1.0, 6, 4, 1.0, 8, 7, 1.0, 10, 3, 1.0, 10, 4, 1.0, 11, 5, 1.0, 12, 3, 1.0, 12, 5, 1.0, 12, 7, 1.0, 13, 3, 1.0, 14, 4, 1.0, 14, 5, 1.0, 14, 6, 1.0, 15, 3, 1.0 ],
					"monome-sfizz-grid2" : [ 0, 7, 1.0, 2, 4, 1.0, 4, 5, 1.0, 4, 7, 1.0, 6, 4, 1.0, 6, 5, 1.0, 7, 5, 1.0, 8, 7, 1.0, 9, 6, 1.0, 10, 4, 1.0, 12, 7, 1.0, 13, 1, 1.0, 14, 4, 1.0 ],
					"vel_UI::vel_drm" : [ 99, 99, 99, 99, 99, 99, 99, 99, 99, 99, 99, 99, 99, 99, 99, 99, 99, 99, 99, 99, 99, 99, 99, 99, 99, 99, 99, 99, 99, 99, 99, 99 ],
					"vel_UI::vel_drm[10]" : [ 0, 0, 0, 0, 0, 0, 0, 0, 0, 0, 0, 0, 0, 5, 5, 5, 0, 0, 0, 0, 0, 0, 0, 0, 0, 0, 0, 0, 0, 0, 0, 0 ],
					"vel_UI::vel_drm[11]" : [ 0, 0, 0, 0, 0, 0, 0, 0, 0, 0, 0, 0, 0, 0, 0, 0, 0, 0, 0, 0, 0, 0, 0, 0, 0, 0, 0, 0, 0, 0, 0, 0 ],
					"vel_UI::vel_drm[1]" : [ 99, 99, 99, 99, 99, 99, 99, 99, 99, 99, 99, 99, 99, 99, 99, 99, 99, 99, 99, 99, 99, 99, 99, 99, 99, 99, 99, 99, 99, 99, 99, 99 ],
					"vel_UI::vel_drm[2]" : [ 99, 99, 99, 99, 99, 99, 99, 99, 99, 99, 99, 99, 99, 99, 99, 99, 99, 99, 99, 99, 99, 99, 99, 99, 99, 99, 99, 99, 99, 99, 99, 99 ],
					"vel_UI::vel_drm[3]" : [ 99, 99, 99, 99, 99, 99, 99, 99, 99, 99, 99, 99, 99, 99, 99, 99, 99, 99, 99, 99, 99, 99, 99, 99, 99, 99, 99, 99, 99, 99, 99, 99 ],
					"vel_UI::vel_drm[4]" : [ 99, 99, 99, 99, 99, 99, 99, 99, 99, 99, 99, 99, 99, 99, 99, 99, 99, 99, 99, 99, 99, 99, 99, 99, 99, 99, 99, 99, 99, 99, 99, 99 ],
					"vel_UI::vel_drm[5]" : [ 99, 99, 99, 99, 99, 99, 99, 99, 99, 99, 99, 99, 99, 99, 99, 99, 99, 99, 99, 99, 99, 99, 99, 99, 99, 99, 99, 99, 99, 99, 99, 99 ],
					"vel_UI::vel_drm[6]" : [ 0, 0, 0, 0, 0, 0, 0, 0, 0, 0, 0, 0, 0, 0, 0, 0, 0, 0, 0, 0, 0, 0, 0, 0, 0, 0, 0, 0, 0, 0, 0, 0 ],
					"vel_UI::vel_drm[7]" : [ 0, 0, 0, 0, 0, 3, 0, 0, 0, 0, 0, 0, 0, 0, 0, 0, 0, 0, 0, 0, 0, 0, 0, 0, 0, 0, 0, 0, 0, 0, 0, 0 ],
					"vel_UI::vel_drm[8]" : [ 0, 0, 0, 0, 0, 0, 0, 0, 0, 0, 0, 0, 0, 0, 0, 0, 0, 0, 0, 0, 0, 0, 0, 0, 0, 0, 0, 0, 0, 0, 0, 0 ],
					"vel_UI::vel_drm[9]" : [ 0, 0, 0, 0, 0, 0, 0, 0, 0, 0, 0, 0, 0, 0, 0, 0, 0, 0, 0, 0, 0, 0, 11, 10, 0, 5, 4, 0, 0, 0, 3, 0 ]
				}

			}

		}

	}

}
